epoch,step,test_loss_epoch,test_loss_step,train_loss_epoch,train_loss_step,val_IoU,val_MaP,val_loss_epoch,val_loss_step
0,49,,,,0.41426706314086914,,,,
0,99,,,,0.37084174156188965,,,,
0,149,,,,0.3595994710922241,,,,
0,199,,,,0.3109368085861206,,,,
0,249,,,,0.38643085956573486,,,,
0,299,,,,0.3124699592590332,,,,
0,349,,,,0.3347134590148926,,,,
0,399,,,,0.3527102470397949,,,,
0,449,,,,0.3283299207687378,,,,
0,499,,,,0.3354957103729248,,,,
0,549,,,,0.3060861825942993,,,,
0,599,,,,0.30070018768310547,,,,
0,649,,,,0.32413017749786377,,,,
0,699,,,,0.36297500133514404,,,,
0,749,,,,0.353732705116272,,,,
,0,,,,,,,,0.2807624340057373
,1,,,,,,,,0.3009300231933594
,2,,,,,,,,0.323899507522583
,3,,,,,,,,0.3477087616920471
,4,,,,,,,,0.32411515712738037
,5,,,,,,,,0.3582410216331482
,6,,,,,,,,0.3351728916168213
,7,,,,,,,,0.3217097520828247
,8,,,,,,,,0.27673083543777466
,9,,,,,,,,0.3335639238357544
,10,,,,,,,,0.3620791435241699
,11,,,,,,,,0.28256744146347046
,12,,,,,,,,0.2867810130119324
,13,,,,,,,,0.31738877296447754
,14,,,,,,,,0.3210524320602417
,15,,,,,,,,0.3471892476081848
,16,,,,,,,,0.3488219380378723
,17,,,,,,,,0.32821667194366455
,18,,,,,,,,0.30862700939178467
,19,,,,,,,,0.3251127004623413
,20,,,,,,,,0.31203150749206543
,21,,,,,,,,0.3151935935020447
,22,,,,,,,,0.31560611724853516
,23,,,,,,,,0.34182024002075195
,24,,,,,,,,0.36333954334259033
,25,,,,,,,,0.3098243474960327
,26,,,,,,,,0.32388973236083984
,27,,,,,,,,0.27375030517578125
,28,,,,,,,,0.3218938112258911
,29,,,,,,,,0.3340402841567993
,30,,,,,,,,0.35271209478378296
,31,,,,,,,,0.31422680616378784
,32,,,,,,,,0.3232063055038452
,33,,,,,,,,0.30651628971099854
,34,,,,,,,,0.2824951410293579
,35,,,,,,,,0.2939164638519287
,36,,,,,,,,0.2818039655685425
,37,,,,,,,,0.35038524866104126
,38,,,,,,,,0.30250585079193115
,39,,,,,,,,0.2997271418571472
,40,,,,,,,,0.3277179002761841
,41,,,,,,,,0.297746479511261
,42,,,,,,,,0.3123890161514282
,43,,,,,,,,0.3260929584503174
,44,,,,,,,,0.3421747088432312
,45,,,,,,,,0.30211687088012695
,46,,,,,,,,0.327200710773468
,47,,,,,,,,0.3073490858078003
,48,,,,,,,,0.2982065677642822
,49,,,,,,,,0.29189395904541016
,50,,,,,,,,0.33184313774108887
,51,,,,,,,,0.30068862438201904
,52,,,,,,,,0.33150291442871094
,53,,,,,,,,0.33023935556411743
,54,,,,,,,,0.3358966112136841
,55,,,,,,,,0.30671340227127075
,56,,,,,,,,0.3015986680984497
,57,,,,,,,,0.3271822929382324
,58,,,,,,,,0.2981264591217041
,59,,,,,,,,0.301296591758728
,60,,,,,,,,0.3484705686569214
,61,,,,,,,,0.3273746967315674
,62,,,,,,,,0.344516396522522
,63,,,,,,,,0.2913854718208313
,64,,,,,,,,0.3215194344520569
,65,,,,,,,,0.2918064594268799
,66,,,,,,,,0.3028757572174072
,67,,,,,,,,0.3244513273239136
,68,,,,,,,,0.31004369258880615
,69,,,,,,,,0.3108353018760681
,70,,,,,,,,0.2897895574569702
,71,,,,,,,,0.29923999309539795
,72,,,,,,,,0.313204824924469
,73,,,,,,,,0.32998108863830566
,74,,,,,,,,0.3184754252433777
,75,,,,,,,,0.3686567544937134
,76,,,,,,,,0.3254067897796631
,77,,,,,,,,0.3381444215774536
,78,,,,,,,,0.3291863203048706
,79,,,,,,,,0.34161293506622314
,80,,,,,,,,0.33602380752563477
,81,,,,,,,,0.37835693359375
,82,,,,,,,,0.3425177335739136
,83,,,,,,,,0.350421667098999
,84,,,,,,,,0.314067006111145
,85,,,,,,,,0.29129719734191895
,86,,,,,,,,0.3121500015258789
,87,,,,,,,,0.3574957847595215
,88,,,,,,,,0.3604261875152588
,89,,,,,,,,0.30301111936569214
,90,,,,,,,,0.3061679005622864
,91,,,,,,,,0.3720301389694214
,92,,,,,,,,0.3238834738731384
,93,,,,,,,,0.3475360870361328
,94,,,,,,,,0.3133431673049927
,95,,,,,,,,0.3280256986618042
,96,,,,,,,,0.3473765254020691
,97,,,,,,,,0.39110684394836426
,98,,,,,,,,0.37072062492370605
,99,,,,,,,,0.33804064989089966
,100,,,,,,,,0.3197147846221924
,101,,,,,,,,0.3647148013114929
,102,,,,,,,,0.36966240406036377
,103,,,,,,,,0.34750664234161377
,104,,,,,,,,0.3057372570037842
,105,,,,,,,,0.30113810300827026
,106,,,,,,,,0.3026083707809448
,107,,,,,,,,0.30028438568115234
,108,,,,,,,,0.30877983570098877
,109,,,,,,,,0.30808568000793457
,110,,,,,,,,0.33245545625686646
,111,,,,,,,,0.2884213924407959
,112,,,,,,,,0.3723376989364624
,113,,,,,,,,0.30023592710494995
,114,,,,,,,,0.36614370346069336
,115,,,,,,,,0.3026862144470215
,116,,,,,,,,0.3050568699836731
,117,,,,,,,,0.3383185863494873
,118,,,,,,,,0.3136690855026245
,119,,,,,,,,0.3496106266975403
,120,,,,,,,,0.30302751064300537
,121,,,,,,,,0.31780117750167847
,122,,,,,,,,0.35790514945983887
,123,,,,,,,,0.29149317741394043
,124,,,,,,,,0.37063878774642944
,125,,,,,,,,0.34030681848526
,126,,,,,,,,0.3159183859825134
,127,,,,,,,,0.359811007976532
,128,,,,,,,,0.3013366460800171
,129,,,,,,,,0.3302501440048218
,130,,,,,,,,0.34489285945892334
,131,,,,,,,,0.35974055528640747
,132,,,,,,,,0.34384334087371826
,133,,,,,,,,0.2939274311065674
,134,,,,,,,,0.33416879177093506
,135,,,,,,,,0.3118586540222168
,136,,,,,,,,0.3970400094985962
,137,,,,,,,,0.3284195065498352
,138,,,,,,,,0.32547253370285034
,139,,,,,,,,0.3595387935638428
,140,,,,,,,,0.2963578701019287
,141,,,,,,,,0.301993727684021
,142,,,,,,,,0.32000285387039185
,143,,,,,,,,0.3521770238876343
,144,,,,,,,,0.3444540500640869
,145,,,,,,,,0.2922365665435791
,146,,,,,,,,0.30319881439208984
,147,,,,,,,,0.324871301651001
,148,,,,,,,,0.2789360284805298
,149,,,,,,,,0.3321887254714966
,150,,,,,,,,0.3209766149520874
,151,,,,,,,,0.27749764919281006
,152,,,,,,,,0.29352837800979614
,153,,,,,,,,0.3486146330833435
,154,,,,,,,,0.31049877405166626
,155,,,,,,,,0.33002495765686035
,156,,,,,,,,0.31219035387039185
,157,,,,,,,,0.3016258478164673
,158,,,,,,,,0.33548569679260254
,159,,,,,,,,0.31197142601013184
,160,,,,,,,,0.31690025329589844
,161,,,,,,,,0.3116303086280823
,162,,,,,,,,0.3245798349380493
,163,,,,,,,,0.36468350887298584
,164,,,,,,,,0.3361169099807739
,165,,,,,,,,0.2938957214355469
,166,,,,,,,,0.35388028621673584
,167,,,,,,,,0.3062828779220581
,168,,,,,,,,0.325419545173645
,169,,,,,,,,0.2971644997596741
,170,,,,,,,,0.29707640409469604
,171,,,,,,,,0.37098270654678345
,172,,,,,,,,0.3424186706542969
,173,,,,,,,,0.3094956874847412
,174,,,,,,,,0.3058004379272461
,175,,,,,,,,0.34326642751693726
,176,,,,,,,,0.3630770444869995
,177,,,,,,,,0.30958735942840576
,178,,,,,,,,0.3118440508842468
,179,,,,,,,,0.2979748845100403
,180,,,,,,,,0.3099609613418579
,181,,,,,,,,0.30902862548828125
,182,,,,,,,,0.3001696467399597
,183,,,,,,,,0.28676581382751465
,184,,,,,,,,0.3454700708389282
,185,,,,,,,,0.3209075927734375
,186,,,,,,,,0.3222036361694336
,187,,,,,,,,0.31893599033355713
,188,,,,,,,,0.3137136697769165
,189,,,,,,,,0.2943836450576782
,190,,,,,,,,0.3137579560279846
0,764,,,,,0.5618555545806885,0.0,0.3227710723876953,
0,764,,,0.3407706022262573,,,,,
1,799,,,,0.32316750288009644,,,,
1,849,,,,0.32157719135284424,,,,
1,899,,,,0.3702525496482849,,,,
1,949,,,,0.30073851346969604,,,,
1,999,,,,0.33189326524734497,,,,
1,1049,,,,0.32555246353149414,,,,
1,1099,,,,0.32680320739746094,,,,
1,1149,,,,0.3422035574913025,,,,
1,1199,,,,0.34451448917388916,,,,
1,1249,,,,0.3570496439933777,,,,
1,1299,,,,0.32668817043304443,,,,
1,1349,,,,0.3297048807144165,,,,
1,1399,,,,0.3098181486129761,,,,
1,1449,,,,0.3173021078109741,,,,
1,1499,,,,0.30625516176223755,,,,
,191,,,,,,,,0.2745967507362366
,192,,,,,,,,0.2948697805404663
,193,,,,,,,,0.319736123085022
,194,,,,,,,,0.33882057666778564
,195,,,,,,,,0.32400190830230713
,196,,,,,,,,0.35427355766296387
,197,,,,,,,,0.3319978713989258
,198,,,,,,,,0.3136866092681885
,199,,,,,,,,0.26982927322387695
,200,,,,,,,,0.3361823558807373
,201,,,,,,,,0.3561745882034302
,202,,,,,,,,0.27488255500793457
,203,,,,,,,,0.2818460464477539
,204,,,,,,,,0.3103770613670349
,205,,,,,,,,0.3093598484992981
,206,,,,,,,,0.34543168544769287
,207,,,,,,,,0.34204936027526855
,208,,,,,,,,0.3236347436904907
,209,,,,,,,,0.30036604404449463
,210,,,,,,,,0.31552135944366455
,211,,,,,,,,0.30264484882354736
,212,,,,,,,,0.30834317207336426
,213,,,,,,,,0.3148770332336426
,214,,,,,,,,0.3366818428039551
,215,,,,,,,,0.36355507373809814
,216,,,,,,,,0.306781530380249
,217,,,,,,,,0.3204544186592102
,218,,,,,,,,0.27087223529815674
,219,,,,,,,,0.3228278160095215
,220,,,,,,,,0.3319079875946045
,221,,,,,,,,0.34983646869659424
,222,,,,,,,,0.3121229410171509
,223,,,,,,,,0.32110047340393066
,224,,,,,,,,0.3032676577568054
,225,,,,,,,,0.277828574180603
,226,,,,,,,,0.2920083999633789
,227,,,,,,,,0.2769327163696289
,228,,,,,,,,0.3478891849517822
,229,,,,,,,,0.30080413818359375
,230,,,,,,,,0.29574286937713623
,231,,,,,,,,0.3167891502380371
,232,,,,,,,,0.2933434844017029
,233,,,,,,,,0.3081825375556946
,234,,,,,,,,0.3197145462036133
,235,,,,,,,,0.3388655185699463
,236,,,,,,,,0.29586517810821533
,237,,,,,,,,0.32659316062927246
,238,,,,,,,,0.30508679151535034
,239,,,,,,,,0.29584431648254395
,240,,,,,,,,0.2863661050796509
,241,,,,,,,,0.33125245571136475
,242,,,,,,,,0.2972789406776428
,243,,,,,,,,0.3326708674430847
,244,,,,,,,,0.3299083113670349
,245,,,,,,,,0.3371632695198059
,246,,,,,,,,0.29886454343795776
,247,,,,,,,,0.3006542921066284
,248,,,,,,,,0.3274942636489868
,249,,,,,,,,0.29962873458862305
,250,,,,,,,,0.2894895672798157
,251,,,,,,,,0.3483039140701294
,252,,,,,,,,0.3272221088409424
,253,,,,,,,,0.3408505320549011
,254,,,,,,,,0.2815887928009033
,255,,,,,,,,0.32171809673309326
,256,,,,,,,,0.28569406270980835
,257,,,,,,,,0.29737818241119385
,258,,,,,,,,0.3263322114944458
,259,,,,,,,,0.30410218238830566
,260,,,,,,,,0.30435603857040405
,261,,,,,,,,0.28408825397491455
,262,,,,,,,,0.2969646453857422
,263,,,,,,,,0.312674880027771
,264,,,,,,,,0.32739585638046265
,265,,,,,,,,0.3115786910057068
,266,,,,,,,,0.3720337152481079
,267,,,,,,,,0.3244166970252991
,268,,,,,,,,0.3448115587234497
,269,,,,,,,,0.3269345760345459
,270,,,,,,,,0.33710336685180664
,271,,,,,,,,0.3284444808959961
,272,,,,,,,,0.36865365505218506
,273,,,,,,,,0.3509100675582886
,274,,,,,,,,0.3392334580421448
,275,,,,,,,,0.3139195442199707
,276,,,,,,,,0.2877848148345947
,277,,,,,,,,0.30666112899780273
,278,,,,,,,,0.35389071702957153
,279,,,,,,,,0.353853702545166
,280,,,,,,,,0.30083978176116943
,281,,,,,,,,0.3081240653991699
,282,,,,,,,,0.37773215770721436
,283,,,,,,,,0.32148921489715576
,284,,,,,,,,0.3410903215408325
,285,,,,,,,,0.30924028158187866
,286,,,,,,,,0.3258277177810669
,287,,,,,,,,0.3463892340660095
,288,,,,,,,,0.3880329728126526
,289,,,,,,,,0.36232608556747437
,290,,,,,,,,0.33509838581085205
,291,,,,,,,,0.3124200105667114
,292,,,,,,,,0.36596083641052246
,293,,,,,,,,0.3608018159866333
,294,,,,,,,,0.33498454093933105
,295,,,,,,,,0.30154114961624146
,296,,,,,,,,0.29675787687301636
,297,,,,,,,,0.2977309823036194
,298,,,,,,,,0.29814887046813965
,299,,,,,,,,0.3033757209777832
,300,,,,,,,,0.30168652534484863
,301,,,,,,,,0.32301533222198486
,302,,,,,,,,0.28828930854797363
,303,,,,,,,,0.37129920721054077
,304,,,,,,,,0.2964165210723877
,305,,,,,,,,0.3511394262313843
,306,,,,,,,,0.2961472272872925
,307,,,,,,,,0.29467934370040894
,308,,,,,,,,0.33210766315460205
,309,,,,,,,,0.3130829334259033
,310,,,,,,,,0.34261226654052734
,311,,,,,,,,0.2997366189956665
,312,,,,,,,,0.3129918575286865
,313,,,,,,,,0.3690063953399658
,314,,,,,,,,0.2776077389717102
,315,,,,,,,,0.3538374900817871
,316,,,,,,,,0.3318156599998474
,317,,,,,,,,0.31929826736450195
,318,,,,,,,,0.359441876411438
,319,,,,,,,,0.29970884323120117
,320,,,,,,,,0.32787179946899414
,321,,,,,,,,0.34711503982543945
,322,,,,,,,,0.3470522165298462
,323,,,,,,,,0.3405182957649231
,324,,,,,,,,0.29195451736450195
,325,,,,,,,,0.33197808265686035
,326,,,,,,,,0.3101314306259155
,327,,,,,,,,0.38867104053497314
,328,,,,,,,,0.3230048418045044
,329,,,,,,,,0.3209000825881958
,330,,,,,,,,0.3617110252380371
,331,,,,,,,,0.29334259033203125
,332,,,,,,,,0.3026968240737915
,333,,,,,,,,0.31372934579849243
,334,,,,,,,,0.3564833402633667
,335,,,,,,,,0.3423745632171631
,336,,,,,,,,0.2906506657600403
,337,,,,,,,,0.2978079319000244
,338,,,,,,,,0.31697213649749756
,339,,,,,,,,0.2673901319503784
,340,,,,,,,,0.32574981451034546
,341,,,,,,,,0.31162774562835693
,342,,,,,,,,0.26907432079315186
,343,,,,,,,,0.29013341665267944
,344,,,,,,,,0.35414719581604004
,345,,,,,,,,0.30402499437332153
,346,,,,,,,,0.3293989896774292
,347,,,,,,,,0.30283379554748535
,348,,,,,,,,0.3011128902435303
,349,,,,,,,,0.3291993737220764
,350,,,,,,,,0.3072702884674072
,351,,,,,,,,0.3147938847541809
,352,,,,,,,,0.3049823045730591
,353,,,,,,,,0.30877041816711426
,354,,,,,,,,0.36189937591552734
,355,,,,,,,,0.3312540650367737
,356,,,,,,,,0.29417550563812256
,357,,,,,,,,0.34860390424728394
,358,,,,,,,,0.30480051040649414
,359,,,,,,,,0.31831681728363037
,360,,,,,,,,0.2970578074455261
,361,,,,,,,,0.2945065498352051
,362,,,,,,,,0.3753054141998291
,363,,,,,,,,0.34351593255996704
,364,,,,,,,,0.30355769395828247
,365,,,,,,,,0.30194807052612305
,366,,,,,,,,0.3423348665237427
,367,,,,,,,,0.355288028717041
,368,,,,,,,,0.3044379949569702
,369,,,,,,,,0.3094756603240967
,370,,,,,,,,0.2964876890182495
,371,,,,,,,,0.3102675676345825
,372,,,,,,,,0.30367010831832886
,373,,,,,,,,0.2921139597892761
,374,,,,,,,,0.28593194484710693
,375,,,,,,,,0.34657275676727295
,376,,,,,,,,0.31636643409729004
,377,,,,,,,,0.31720149517059326
,378,,,,,,,,0.3201146125793457
,379,,,,,,,,0.3123059868812561
,380,,,,,,,,0.28792452812194824
,381,,,,,,,,0.3113015294075012
1,1529,,,,,0.5618393421173096,0.0,0.31894299387931824,
1,1529,,,0.32691749930381775,,,,,
2,1549,,,,0.3312365412712097,,,,
2,1599,,,,0.44807541370391846,,,,
2,1649,,,,0.30333465337753296,,,,
2,1699,,,,0.3692432641983032,,,,
2,1749,,,,0.3006439208984375,,,,
2,1799,,,,0.3200645446777344,,,,
2,1849,,,,0.29041314125061035,,,,
2,1899,,,,0.32258671522140503,,,,
2,1949,,,,0.2919520139694214,,,,
2,1999,,,,0.30465686321258545,,,,
2,2049,,,,0.34379255771636963,,,,
2,2099,,,,0.3247748613357544,,,,
2,2149,,,,0.3258620500564575,,,,
2,2199,,,,0.32595324516296387,,,,
2,2249,,,,0.26059651374816895,,,,
,382,,,,,,,,0.27078473567962646
,383,,,,,,,,0.2873315215110779
,384,,,,,,,,0.31411147117614746
,385,,,,,,,,0.3355427384376526
,386,,,,,,,,0.3212153911590576
,387,,,,,,,,0.3596147298812866
,388,,,,,,,,0.3262554407119751
,389,,,,,,,,0.30992984771728516
,390,,,,,,,,0.2658979892730713
,391,,,,,,,,0.33456820249557495
,392,,,,,,,,0.3645017743110657
,393,,,,,,,,0.27224111557006836
,394,,,,,,,,0.27983856201171875
,395,,,,,,,,0.31114673614501953
,396,,,,,,,,0.30682075023651123
,397,,,,,,,,0.35080546140670776
,398,,,,,,,,0.33529460430145264
,399,,,,,,,,0.32003843784332275
,400,,,,,,,,0.2967703938484192
,401,,,,,,,,0.31294524669647217
,402,,,,,,,,0.294964075088501
,403,,,,,,,,0.3065255284309387
,404,,,,,,,,0.30975615978240967
,405,,,,,,,,0.33356308937072754
,406,,,,,,,,0.3617625832557678
,407,,,,,,,,0.30778777599334717
,408,,,,,,,,0.3184398412704468
,409,,,,,,,,0.2592628002166748
,410,,,,,,,,0.3171690106391907
,411,,,,,,,,0.3265994191169739
,412,,,,,,,,0.34310615062713623
,413,,,,,,,,0.3095993995666504
,414,,,,,,,,0.31943488121032715
,415,,,,,,,,0.30175554752349854
,416,,,,,,,,0.2767244577407837
,417,,,,,,,,0.2890843152999878
,418,,,,,,,,0.26943808794021606
,419,,,,,,,,0.3420274257659912
,420,,,,,,,,0.2924234867095947
,421,,,,,,,,0.29028069972991943
,422,,,,,,,,0.31044816970825195
,423,,,,,,,,0.28785276412963867
,424,,,,,,,,0.3056519627571106
,425,,,,,,,,0.31935954093933105
,426,,,,,,,,0.33636248111724854
,427,,,,,,,,0.2925400137901306
,428,,,,,,,,0.32636165618896484
,429,,,,,,,,0.3015807867050171
,430,,,,,,,,0.29148441553115845
,431,,,,,,,,0.2827039957046509
,432,,,,,,,,0.3262181878089905
,433,,,,,,,,0.2952306270599365
,434,,,,,,,,0.32482290267944336
,435,,,,,,,,0.32867956161499023
,436,,,,,,,,0.33174431324005127
,437,,,,,,,,0.29424214363098145
,438,,,,,,,,0.29389238357543945
,439,,,,,,,,0.3208211660385132
,440,,,,,,,,0.2917217016220093
,441,,,,,,,,0.2868920564651489
,442,,,,,,,,0.3455513119697571
,443,,,,,,,,0.3318514823913574
,444,,,,,,,,0.3409765958786011
,445,,,,,,,,0.2756428122520447
,446,,,,,,,,0.3171147108078003
,447,,,,,,,,0.2803407907485962
,448,,,,,,,,0.29264020919799805
,449,,,,,,,,0.33152806758880615
,450,,,,,,,,0.3081527352333069
,451,,,,,,,,0.30600661039352417
,452,,,,,,,,0.2779279947280884
,453,,,,,,,,0.29430240392684937
,454,,,,,,,,0.30861151218414307
,455,,,,,,,,0.32287561893463135
,456,,,,,,,,0.3107268810272217
,457,,,,,,,,0.3717515468597412
,458,,,,,,,,0.32154202461242676
,459,,,,,,,,0.3421616554260254
,460,,,,,,,,0.32274001836776733
,461,,,,,,,,0.34197998046875
,462,,,,,,,,0.32538163661956787
,463,,,,,,,,0.36808252334594727
,464,,,,,,,,0.35095614194869995
,465,,,,,,,,0.33716899156570435
,466,,,,,,,,0.3070669174194336
,467,,,,,,,,0.28338152170181274
,468,,,,,,,,0.31105709075927734
,469,,,,,,,,0.3539213538169861
,470,,,,,,,,0.35244619846343994
,471,,,,,,,,0.2988765835762024
,472,,,,,,,,0.29627537727355957
,473,,,,,,,,0.3767364025115967
,474,,,,,,,,0.32476723194122314
,475,,,,,,,,0.34317547082901
,476,,,,,,,,0.30687087774276733
,477,,,,,,,,0.32072311639785767
,478,,,,,,,,0.3476076126098633
,479,,,,,,,,0.39009541273117065
,480,,,,,,,,0.35898590087890625
,481,,,,,,,,0.33235812187194824
,482,,,,,,,,0.30935049057006836
,483,,,,,,,,0.36169278621673584
,484,,,,,,,,0.36032211780548096
,485,,,,,,,,0.32931625843048096
,486,,,,,,,,0.29836738109588623
,487,,,,,,,,0.29269200563430786
,488,,,,,,,,0.29465973377227783
,489,,,,,,,,0.2976800203323364
,490,,,,,,,,0.30074644088745117
,491,,,,,,,,0.2931697368621826
,492,,,,,,,,0.33063167333602905
,493,,,,,,,,0.28633254766464233
,494,,,,,,,,0.3692997694015503
,495,,,,,,,,0.29511958360671997
,496,,,,,,,,0.37248480319976807
,497,,,,,,,,0.2920769453048706
,498,,,,,,,,0.291659951210022
,499,,,,,,,,0.33811813592910767
,500,,,,,,,,0.31024396419525146
,501,,,,,,,,0.3491230607032776
,502,,,,,,,,0.2983078956604004
,503,,,,,,,,0.31006526947021484
,504,,,,,,,,0.37455153465270996
,505,,,,,,,,0.2751532196998596
,506,,,,,,,,0.3605191707611084
,507,,,,,,,,0.33573389053344727
,508,,,,,,,,0.3206949234008789
,509,,,,,,,,0.3643695116043091
,510,,,,,,,,0.29602497816085815
,511,,,,,,,,0.32721424102783203
,512,,,,,,,,0.3473939895629883
,513,,,,,,,,0.3472588062286377
,514,,,,,,,,0.3400267958641052
,515,,,,,,,,0.28656303882598877
,516,,,,,,,,0.33037257194519043
,517,,,,,,,,0.30855315923690796
,518,,,,,,,,0.3895595669746399
,519,,,,,,,,0.3225831985473633
,520,,,,,,,,0.31829965114593506
,521,,,,,,,,0.3613250255584717
,522,,,,,,,,0.28843414783477783
,523,,,,,,,,0.2969478368759155
,524,,,,,,,,0.3031631112098694
,525,,,,,,,,0.355066180229187
,526,,,,,,,,0.34268951416015625
,527,,,,,,,,0.28352445363998413
,528,,,,,,,,0.294643759727478
,529,,,,,,,,0.3200541138648987
,530,,,,,,,,0.2662132978439331
,531,,,,,,,,0.3270756006240845
,532,,,,,,,,0.3159750699996948
,533,,,,,,,,0.26436561346054077
,534,,,,,,,,0.28600454330444336
,535,,,,,,,,0.35531139373779297
,536,,,,,,,,0.3004135489463806
,537,,,,,,,,0.3260079622268677
,538,,,,,,,,0.2967722415924072
,539,,,,,,,,0.2974511384963989
,540,,,,,,,,0.3298914432525635
,541,,,,,,,,0.30201637744903564
,542,,,,,,,,0.3058595657348633
,543,,,,,,,,0.2962198257446289
,544,,,,,,,,0.3110239505767822
,545,,,,,,,,0.3585245609283447
,546,,,,,,,,0.32885468006134033
,547,,,,,,,,0.29406261444091797
,548,,,,,,,,0.3487260937690735
,549,,,,,,,,0.2990649938583374
,550,,,,,,,,0.3126477003097534
,551,,,,,,,,0.29226160049438477
,552,,,,,,,,0.28846561908721924
,553,,,,,,,,0.3695070743560791
,554,,,,,,,,0.3420882225036621
,555,,,,,,,,0.2964690327644348
,556,,,,,,,,0.29723042249679565
,557,,,,,,,,0.335027277469635
,558,,,,,,,,0.3574169874191284
,559,,,,,,,,0.29757559299468994
,560,,,,,,,,0.30560970306396484
,561,,,,,,,,0.29223060607910156
,562,,,,,,,,0.30590105056762695
,563,,,,,,,,0.30125391483306885
,564,,,,,,,,0.2883516550064087
,565,,,,,,,,0.2803798317909241
,566,,,,,,,,0.34735918045043945
,567,,,,,,,,0.3116198778152466
,568,,,,,,,,0.3130303621292114
,569,,,,,,,,0.31192755699157715
,570,,,,,,,,0.3073488473892212
,571,,,,,,,,0.27777695655822754
,572,,,,,,,,0.30923593044281006
2,2294,,,,,0.5672411918640137,0.0,0.3164767622947693,
2,2294,,,0.3238127529621124,,,,,
3,2299,,,,0.2701401710510254,,,,
3,2349,,,,0.29667067527770996,,,,
3,2399,,,,0.34574371576309204,,,,
3,2449,,,,0.31555724143981934,,,,
3,2499,,,,0.31768321990966797,,,,
3,2549,,,,0.31545543670654297,,,,
3,2599,,,,0.31475573778152466,,,,
3,2649,,,,0.35216593742370605,,,,
3,2699,,,,0.3045787811279297,,,,
3,2749,,,,0.3174402713775635,,,,
3,2799,,,,0.3135789632797241,,,,
3,2849,,,,0.3234756588935852,,,,
3,2899,,,,0.32530003786087036,,,,
3,2949,,,,0.33517134189605713,,,,
3,2999,,,,0.3119692802429199,,,,
3,3049,,,,0.3090784549713135,,,,
,573,,,,,,,,0.2763957977294922
,574,,,,,,,,0.2968398928642273
,575,,,,,,,,0.31993019580841064
,576,,,,,,,,0.32100534439086914
,577,,,,,,,,0.3134540319442749
,578,,,,,,,,0.3553762435913086
,579,,,,,,,,0.33549433946609497
,580,,,,,,,,0.31414878368377686
,581,,,,,,,,0.277873158454895
,582,,,,,,,,0.3328031897544861
,583,,,,,,,,0.3396182060241699
,584,,,,,,,,0.2770450711250305
,585,,,,,,,,0.2886911630630493
,586,,,,,,,,0.31189727783203125
,587,,,,,,,,0.307655930519104
,588,,,,,,,,0.33140456676483154
,589,,,,,,,,0.3409407138824463
,590,,,,,,,,0.3243395686149597
,591,,,,,,,,0.29760563373565674
,592,,,,,,,,0.31317228078842163
,593,,,,,,,,0.3061927556991577
,594,,,,,,,,0.3088364601135254
,595,,,,,,,,0.31696486473083496
,596,,,,,,,,0.33735644817352295
,597,,,,,,,,0.36235350370407104
,598,,,,,,,,0.30183643102645874
,599,,,,,,,,0.32187432050704956
,600,,,,,,,,0.2753424048423767
,601,,,,,,,,0.32161927223205566
,602,,,,,,,,0.3344634175300598
,603,,,,,,,,0.3502506613731384
,604,,,,,,,,0.31593596935272217
,605,,,,,,,,0.32037341594696045
,606,,,,,,,,0.30565160512924194
,607,,,,,,,,0.28157496452331543
,608,,,,,,,,0.2995806932449341
,609,,,,,,,,0.2832043170928955
,610,,,,,,,,0.33714592456817627
,611,,,,,,,,0.3009342551231384
,612,,,,,,,,0.30005812644958496
,613,,,,,,,,0.32874512672424316
,614,,,,,,,,0.29306989908218384
,615,,,,,,,,0.30243974924087524
,616,,,,,,,,0.3092308044433594
,617,,,,,,,,0.33776724338531494
,618,,,,,,,,0.30154120922088623
,619,,,,,,,,0.3237995505332947
,620,,,,,,,,0.30885791778564453
,621,,,,,,,,0.2982431650161743
,622,,,,,,,,0.29239851236343384
,623,,,,,,,,0.3284476399421692
,624,,,,,,,,0.3003793954849243
,625,,,,,,,,0.32664960622787476
,626,,,,,,,,0.33180510997772217
,627,,,,,,,,0.33554697036743164
,628,,,,,,,,0.29816287755966187
,629,,,,,,,,0.30126118659973145
,630,,,,,,,,0.32734543085098267
,631,,,,,,,,0.30040597915649414
,632,,,,,,,,0.2875813841819763
,633,,,,,,,,0.34310805797576904
,634,,,,,,,,0.32725095748901367
,635,,,,,,,,0.33817410469055176
,636,,,,,,,,0.28376317024230957
,637,,,,,,,,0.3222823739051819
,638,,,,,,,,0.29116594791412354
,639,,,,,,,,0.2988619804382324
,640,,,,,,,,0.3173421621322632
,641,,,,,,,,0.30071723461151123
,642,,,,,,,,0.3147249221801758
,643,,,,,,,,0.28839147090911865
,644,,,,,,,,0.2980526089668274
,645,,,,,,,,0.31324493885040283
,646,,,,,,,,0.3290482759475708
,647,,,,,,,,0.3120664358139038
,648,,,,,,,,0.36275774240493774
,649,,,,,,,,0.3229469060897827
,650,,,,,,,,0.32726413011550903
,651,,,,,,,,0.3272407054901123
,652,,,,,,,,0.3320152163505554
,653,,,,,,,,0.3311750888824463
,654,,,,,,,,0.35532712936401367
,655,,,,,,,,0.3300192356109619
,656,,,,,,,,0.3419680595397949
,657,,,,,,,,0.3175274133682251
,658,,,,,,,,0.2894989252090454
,659,,,,,,,,0.3069855570793152
,660,,,,,,,,0.35435593128204346
,661,,,,,,,,0.3556448221206665
,662,,,,,,,,0.3009685277938843
,663,,,,,,,,0.308479905128479
,664,,,,,,,,0.37262094020843506
,665,,,,,,,,0.321327805519104
,666,,,,,,,,0.3322739601135254
,667,,,,,,,,0.30849748849868774
,668,,,,,,,,0.31399405002593994
,669,,,,,,,,0.3484424352645874
,670,,,,,,,,0.3866140842437744
,671,,,,,,,,0.3506326675415039
,672,,,,,,,,0.3369942903518677
,673,,,,,,,,0.30636417865753174
,674,,,,,,,,0.35949915647506714
,675,,,,,,,,0.36136317253112793
,676,,,,,,,,0.343880295753479
,677,,,,,,,,0.3031778335571289
,678,,,,,,,,0.29798001050949097
,679,,,,,,,,0.29710906744003296
,680,,,,,,,,0.2948489189147949
,681,,,,,,,,0.30484068393707275
,682,,,,,,,,0.298647403717041
,683,,,,,,,,0.3133988380432129
,684,,,,,,,,0.2935049533843994
,685,,,,,,,,0.3708879351615906
,686,,,,,,,,0.3005393147468567
,687,,,,,,,,0.3439849019050598
,688,,,,,,,,0.29124128818511963
,689,,,,,,,,0.2979915738105774
,690,,,,,,,,0.3275757431983948
,691,,,,,,,,0.3144603967666626
,692,,,,,,,,0.3391883969306946
,693,,,,,,,,0.30111849308013916
,694,,,,,,,,0.31246232986450195
,695,,,,,,,,0.3431433439254761
,696,,,,,,,,0.28071165084838867
,697,,,,,,,,0.3479374051094055
,698,,,,,,,,0.33938705921173096
,699,,,,,,,,0.3156120777130127
,700,,,,,,,,0.3486826419830322
,701,,,,,,,,0.3006030321121216
,702,,,,,,,,0.3295775055885315
,703,,,,,,,,0.34330111742019653
,704,,,,,,,,0.3493109941482544
,705,,,,,,,,0.3413362503051758
,706,,,,,,,,0.2933638095855713
,707,,,,,,,,0.3351173400878906
,708,,,,,,,,0.31228142976760864
,709,,,,,,,,0.3797534704208374
,710,,,,,,,,0.3198004364967346
,711,,,,,,,,0.3037015199661255
,712,,,,,,,,0.3540843725204468
,713,,,,,,,,0.2947990894317627
,714,,,,,,,,0.3068804144859314
,715,,,,,,,,0.3151438236236572
,716,,,,,,,,0.33633744716644287
,717,,,,,,,,0.3385894298553467
,718,,,,,,,,0.2921332120895386
,719,,,,,,,,0.29915618896484375
,720,,,,,,,,0.31364190578460693
,721,,,,,,,,0.2710278034210205
,722,,,,,,,,0.333182156085968
,723,,,,,,,,0.31268632411956787
,724,,,,,,,,0.2780874967575073
,725,,,,,,,,0.29824239015579224
,726,,,,,,,,0.3494511842727661
,727,,,,,,,,0.30600059032440186
,728,,,,,,,,0.3274953365325928
,729,,,,,,,,0.3044472932815552
,730,,,,,,,,0.302797794342041
,731,,,,,,,,0.32304227352142334
,732,,,,,,,,0.30868637561798096
,733,,,,,,,,0.3132043480873108
,734,,,,,,,,0.3070884943008423
,735,,,,,,,,0.31932270526885986
,736,,,,,,,,0.3546886444091797
,737,,,,,,,,0.32986319065093994
,738,,,,,,,,0.2904035449028015
,739,,,,,,,,0.34763848781585693
,740,,,,,,,,0.30398058891296387
,741,,,,,,,,0.3213536739349365
,742,,,,,,,,0.30400121212005615
,743,,,,,,,,0.2933107614517212
,744,,,,,,,,0.3484898805618286
,745,,,,,,,,0.3435642719268799
,746,,,,,,,,0.3068115711212158
,747,,,,,,,,0.30438196659088135
,748,,,,,,,,0.34066903591156006
,749,,,,,,,,0.3513059616088867
,750,,,,,,,,0.30395013093948364
,751,,,,,,,,0.310160756111145
,752,,,,,,,,0.2957823872566223
,753,,,,,,,,0.3114520311355591
,754,,,,,,,,0.3034323453903198
,755,,,,,,,,0.29550594091415405
,756,,,,,,,,0.2884174585342407
,757,,,,,,,,0.3373905420303345
,758,,,,,,,,0.3038426637649536
,759,,,,,,,,0.3102152347564697
,760,,,,,,,,0.3198245167732239
,761,,,,,,,,0.3126990795135498
,762,,,,,,,,0.288310170173645
,763,,,,,,,,0.31269246339797974
3,3059,,,,,0.5567265152931213,0.0,0.31781184673309326,
3,3059,,,0.31962457299232483,,,,,
,0,,0.2889649271965027,,,,,,
,1,,0.2893525958061218,,,,,,
,2,,0.30703604221343994,,,,,,
,3,,0.29856252670288086,,,,,,
,4,,0.30865830183029175,,,,,,
,5,,0.2859349250793457,,,,,,
,6,,0.31301194429397583,,,,,,
,7,,0.29245924949645996,,,,,,
,8,,0.3129771947860718,,,,,,
,9,,0.28973889350891113,,,,,,
,10,,0.3054349422454834,,,,,,
,11,,0.3157656192779541,,,,,,
,12,,0.3276480436325073,,,,,,
,13,,0.31698209047317505,,,,,,
,14,,0.30864018201828003,,,,,,
,15,,0.34692662954330444,,,,,,
,16,,0.30692118406295776,,,,,,
,17,,0.30870532989501953,,,,,,
,18,,0.30544155836105347,,,,,,
,19,,0.28829634189605713,,,,,,
,20,,0.2897162437438965,,,,,,
,21,,0.3152307868003845,,,,,,
,22,,0.298148512840271,,,,,,
,23,,0.301263689994812,,,,,,
,24,,0.31644541025161743,,,,,,
,25,,0.29750317335128784,,,,,,
,26,,0.2881265878677368,,,,,,
,27,,0.29877912998199463,,,,,,
,28,,0.29281771183013916,,,,,,
,29,,0.29633861780166626,,,,,,
,30,,0.29955875873565674,,,,,,
,31,,0.28739404678344727,,,,,,
,32,,0.3036919832229614,,,,,,
,33,,0.31166625022888184,,,,,,
,34,,0.2954898476600647,,,,,,
,35,,0.3075564503669739,,,,,,
,36,,0.3246985077857971,,,,,,
,37,,0.29564356803894043,,,,,,
,38,,0.3039909601211548,,,,,,
,39,,0.30819863080978394,,,,,,
,40,,0.2934839725494385,,,,,,
,41,,0.29624056816101074,,,,,,
,42,,0.32605618238449097,,,,,,
,43,,0.43295013904571533,,,,,,
,44,,0.41148805618286133,,,,,,
,45,,0.32832276821136475,,,,,,
,46,,0.3804284334182739,,,,,,
,47,,0.3236052989959717,,,,,,
,48,,0.378662109375,,,,,,
,49,,0.36588042974472046,,,,,,
,50,,0.37314772605895996,,,,,,
,51,,0.32914698123931885,,,,,,
,52,,0.2981300950050354,,,,,,
,53,,0.33925747871398926,,,,,,
,54,,0.32294440269470215,,,,,,
,55,,0.33455824851989746,,,,,,
,56,,0.3206963539123535,,,,,,
,57,,0.31460368633270264,,,,,,
,58,,0.3984733819961548,,,,,,
,59,,0.3385559916496277,,,,,,
,60,,0.3699212074279785,,,,,,
,61,,0.34715425968170166,,,,,,
,62,,0.3643054962158203,,,,,,
,63,,0.3130453824996948,,,,,,
,64,,0.3838311433792114,,,,,,
,65,,0.30070531368255615,,,,,,
,66,,0.32758933305740356,,,,,,
,67,,0.3068053722381592,,,,,,
,68,,0.3858300447463989,,,,,,
,69,,0.36797642707824707,,,,,,
,70,,0.32082539796829224,,,,,,
,71,,0.37437009811401367,,,,,,
,72,,0.4354037642478943,,,,,,
,73,,0.28790175914764404,,,,,,
,74,,0.35147780179977417,,,,,,
,75,,0.38399237394332886,,,,,,
,76,,0.36154037714004517,,,,,,
,77,,0.371931791305542,,,,,,
,78,,0.3117203712463379,,,,,,
,79,,0.3756387233734131,,,,,,
,80,,0.3133951425552368,,,,,,
,81,,0.3199073076248169,,,,,,
,82,,0.2906956076622009,,,,,,
,83,,0.31551212072372437,,,,,,
,84,,0.2949363589286804,,,,,,
,85,,0.2884683609008789,,,,,,
,86,,0.288777232170105,,,,,,
,87,,0.300487756729126,,,,,,
,88,,0.31331562995910645,,,,,,
,89,,0.2978217601776123,,,,,,
,90,,0.3224397897720337,,,,,,
,91,,0.326343834400177,,,,,,
,92,,0.3128199577331543,,,,,,
,93,,0.30232423543930054,,,,,,
,94,,0.32509279251098633,,,,,,
,95,,0.3036181926727295,,,,,,
,96,,0.30043941736221313,,,,,,
,97,,0.280448317527771,,,,,,
,98,,0.28943192958831787,,,,,,
,99,,0.30564451217651367,,,,,,
,100,,0.28265607357025146,,,,,,
,101,,0.32865625619888306,,,,,,
,102,,0.3014233112335205,,,,,,
,103,,0.3103826642036438,,,,,,
,104,,0.28821873664855957,,,,,,
,105,,0.3172600269317627,,,,,,
,106,,0.3185783624649048,,,,,,
,107,,0.29246699810028076,,,,,,
,108,,0.30289340019226074,,,,,,
,109,,0.2886938452720642,,,,,,
,110,,0.302703857421875,,,,,,
,111,,0.3018302917480469,,,,,,
,112,,0.30162346363067627,,,,,,
,113,,0.31028759479522705,,,,,,
,114,,0.29124778509140015,,,,,,
,115,,0.2995326519012451,,,,,,
,116,,0.28876185417175293,,,,,,
,117,,0.29477745294570923,,,,,,
,118,,0.2830430269241333,,,,,,
,119,,0.31071484088897705,,,,,,
,120,,0.29213547706604004,,,,,,
,121,,0.312458872795105,,,,,,
,122,,0.30308830738067627,,,,,,
,123,,0.29368919134140015,,,,,,
,124,,0.3205212354660034,,,,,,
,125,,0.29114973545074463,,,,,,
,126,,0.31441164016723633,,,,,,
,127,,0.3083003759384155,,,,,,
,128,,0.29196107387542725,,,,,,
,129,,0.31609421968460083,,,,,,
,130,,0.2832413911819458,,,,,,
,131,,0.37353217601776123,,,,,,
,132,,0.3308675289154053,,,,,,
,133,,0.3495669364929199,,,,,,
,134,,0.3269771337509155,,,,,,
,135,,0.3325868844985962,,,,,,
,136,,0.35090160369873047,,,,,,
,137,,0.3102909326553345,,,,,,
,138,,0.3396340608596802,,,,,,
,139,,0.3486708998680115,,,,,,
,140,,0.340096116065979,,,,,,
,141,,0.3643258810043335,,,,,,
,142,,0.408740758895874,,,,,,
,143,,0.33838486671447754,,,,,,
,144,,0.342986524105072,,,,,,
,145,,0.33845674991607666,,,,,,
,146,,0.31899672746658325,,,,,,
,147,,0.32381224632263184,,,,,,
,148,,0.34920060634613037,,,,,,
,149,,0.2973365783691406,,,,,,
,150,,0.35385918617248535,,,,,,
,151,,0.31575632095336914,,,,,,
,152,,0.2808687686920166,,,,,,
,153,,0.3529536724090576,,,,,,
,154,,0.2986729145050049,,,,,,
,155,,0.3313208222389221,,,,,,
,156,,0.33903414011001587,,,,,,
,157,,0.31750917434692383,,,,,,
,158,,0.2933107614517212,,,,,,
,159,,0.3293246030807495,,,,,,
,160,,0.32355713844299316,,,,,,
,161,,0.3188191056251526,,,,,,
,162,,0.32966411113739014,,,,,,
,163,,0.31134873628616333,,,,,,
,164,,0.35286450386047363,,,,,,
,165,,0.3207341432571411,,,,,,
,166,,0.40692460536956787,,,,,,
,167,,0.3789479732513428,,,,,,
,168,,0.2797739505767822,,,,,,
,169,,0.25895416736602783,,,,,,
,170,,0.2972078323364258,,,,,,
,171,,0.22621142864227295,,,,,,
,172,,0.25378739833831787,,,,,,
,173,,0.23589646816253662,,,,,,
,174,,0.24390292167663574,,,,,,
,175,,0.24684154987335205,,,,,,
,176,,0.23422926664352417,,,,,,
,177,,0.2691396474838257,,,,,,
,178,,0.26882362365722656,,,,,,
,179,,0.2659151554107666,,,,,,
,180,,0.24651622772216797,,,,,,
,181,,0.26447635889053345,,,,,,
,182,,0.24209898710250854,,,,,,
,183,,0.24714922904968262,,,,,,
,184,,0.24800646305084229,,,,,,
,185,,0.2541877031326294,,,,,,
,186,,0.2488877773284912,,,,,,
,187,,0.2556622624397278,,,,,,
,188,,0.25281453132629395,,,,,,
,189,,0.2898414134979248,,,,,,
,190,,0.2477409839630127,,,,,,
,191,,0.25069892406463623,,,,,,
,192,,0.2577173709869385,,,,,,
,193,,0.24585574865341187,,,,,,
,194,,0.2622488737106323,,,,,,
,195,,0.25356924533843994,,,,,,
,196,,0.2624173164367676,,,,,,
,197,,0.27249836921691895,,,,,,
,198,,0.2441198229789734,,,,,,
,199,,0.24789047241210938,,,,,,
,200,,0.23181188106536865,,,,,,
,201,,0.27541208267211914,,,,,,
,202,,0.2476818561553955,,,,,,
,203,,0.2511700391769409,,,,,,
,204,,0.2544567584991455,,,,,,
,205,,0.26608437299728394,,,,,,
,206,,0.24109578132629395,,,,,,
,207,,0.26298320293426514,,,,,,
,208,,0.26013898849487305,,,,,,
,209,,0.24826371669769287,,,,,,
,210,,0.2610384225845337,,,,,,
,211,,0.2482151985168457,,,,,,
,212,,0.23507022857666016,,,,,,
,213,,0.26658761501312256,,,,,,
,214,,0.252999484539032,,,,,,
,215,,0.2574390172958374,,,,,,
,216,,0.265619158744812,,,,,,
,217,,0.2480306625366211,,,,,,
,218,,0.37400490045547485,,,,,,
,219,,0.31769829988479614,,,,,,
,220,,0.3326568603515625,,,,,,
,221,,0.3278185725212097,,,,,,
,222,,0.3271943926811218,,,,,,
,223,,0.3476240634918213,,,,,,
,224,,0.3567591905593872,,,,,,
,225,,0.32727718353271484,,,,,,
,226,,0.3377608060836792,,,,,,
,227,,0.3327626585960388,,,,,,
,228,,0.3367847204208374,,,,,,
,229,,0.3284236788749695,,,,,,
,230,,0.3531954288482666,,,,,,
,231,,0.334991991519928,,,,,,
,232,,0.42540884017944336,,,,,,
,233,,0.37636423110961914,,,,,,
,234,,0.3567657470703125,,,,,,
,235,,0.40073996782302856,,,,,,
,236,,0.35670173168182373,,,,,,
,237,,0.32374894618988037,,,,,,
,238,,0.32732802629470825,,,,,,
,239,,0.34198784828186035,,,,,,
,240,,0.33083605766296387,,,,,,
,241,,0.31353193521499634,,,,,,
,242,,0.35318803787231445,,,,,,
,243,,0.3288908004760742,,,,,,
,244,,0.3507159948348999,,,,,,
,245,,0.36178839206695557,,,,,,
,246,,0.353901743888855,,,,,,
,247,,0.3061795234680176,,,,,,
,248,,0.3517804741859436,,,,,,
,249,,0.32259392738342285,,,,,,
,250,,0.35374951362609863,,,,,,
,251,,0.3687138557434082,,,,,,
,252,,0.3578592538833618,,,,,,
,253,,0.33029305934906006,,,,,,
,254,,0.3388294577598572,,,,,,
,255,,0.3346101641654968,,,,,,
,256,,0.3579639196395874,,,,,,
,257,,0.3456984758377075,,,,,,
,258,,0.3661313056945801,,,,,,
,259,,0.341796875,,,,,,
,260,,0.35569483041763306,,,,,,
,261,,0.3510822057723999,,,,,,
,262,,0.3467170000076294,,,,,,
,263,,0.3332976698875427,,,,,,
,264,,0.3591017723083496,,,,,,
,265,,0.3474178910255432,,,,,,
,266,,0.3254913091659546,,,,,,
,267,,0.3245289921760559,,,,,,
,268,,0.3693212866783142,,,,,,
,269,,0.32084953784942627,,,,,,
,270,,0.3571755886077881,,,,,,
,271,,0.4520763158798218,,,,,,
,272,,0.31963276863098145,,,,,,
,273,,0.34721219539642334,,,,,,
,274,,0.37738800048828125,,,,,,
,275,,0.4323112368583679,,,,,,
,276,,0.4367574453353882,,,,,,
,277,,0.3591289520263672,,,,,,
,278,,0.3800417184829712,,,,,,
,279,,0.439181387424469,,,,,,
,280,,0.3475993871688843,,,,,,
,281,,0.3925342559814453,,,,,,
,282,,0.40032899379730225,,,,,,
,283,,0.29786133766174316,,,,,,
,284,,0.34970223903656006,,,,,,
,285,,0.328141987323761,,,,,,
,286,,0.3348398208618164,,,,,,
,287,,0.3648803234100342,,,,,,
,288,,0.31878364086151123,,,,,,
,289,,0.3100939989089966,,,,,,
,290,,0.349889874458313,,,,,,
,291,,0.3023359775543213,,,,,,
,292,,0.3601803183555603,,,,,,
,293,,0.30798399448394775,,,,,,
,294,,0.37582170963287354,,,,,,
,295,,0.38184916973114014,,,,,,
,296,,0.33928924798965454,,,,,,
,297,,0.36208462715148926,,,,,,
,298,,0.37325453758239746,,,,,,
,299,,0.3567407727241516,,,,,,
,300,,0.37049180269241333,,,,,,
,301,,0.339546799659729,,,,,,
,302,,0.3732137084007263,,,,,,
,303,,0.35781943798065186,,,,,,
,304,,0.3396916389465332,,,,,,
,305,,0.38690346479415894,,,,,,
,306,,0.36906546354293823,,,,,,
,307,,0.3604300022125244,,,,,,
,308,,0.3782680034637451,,,,,,
,309,,0.33870387077331543,,,,,,
,310,,0.3621811866760254,,,,,,
,311,,0.3987043499946594,,,,,,
,312,,0.3702083230018616,,,,,,
,313,,0.3011133670806885,,,,,,
,314,,0.3297032117843628,,,,,,
,315,,0.32370638847351074,,,,,,
,316,,0.38032543659210205,,,,,,
,317,,0.3174015283584595,,,,,,
,318,,0.3224077820777893,,,,,,
,319,,0.33812129497528076,,,,,,
,320,,0.44000089168548584,,,,,,
,321,,0.4464104175567627,,,,,,
,322,,0.3251389265060425,,,,,,
,323,,0.32223474979400635,,,,,,
,324,,0.3412237763404846,,,,,,
,325,,0.3503068685531616,,,,,,
,326,,0.3806198239326477,,,,,,
,327,,0.3580586314201355,,,,,,
,328,,0.3498004674911499,,,,,,
,329,,0.3737914562225342,,,,,,
,330,,0.33515697717666626,,,,,,
,331,,0.328213095664978,,,,,,
,332,,0.36551326513290405,,,,,,
,333,,0.390583872795105,,,,,,
,334,,0.37127721309661865,,,,,,
,335,,0.4380326271057129,,,,,,
,336,,0.3353919982910156,,,,,,
,337,,0.40403711795806885,,,,,,
,338,,0.3569808602333069,,,,,,
,339,,0.33555322885513306,,,,,,
,340,,0.40325528383255005,,,,,,
,341,,0.3382718563079834,,,,,,
,342,,0.42412275075912476,,,,,,
,343,,0.44377923011779785,,,,,,
,344,,0.34878289699554443,,,,,,
,345,,0.3604111075401306,,,,,,
,346,,0.328948974609375,,,,,,
,347,,0.320703387260437,,,,,,
,348,,0.317979097366333,,,,,,
,349,,0.33005279302597046,,,,,,
,350,,0.3681067228317261,,,,,,
,351,,0.3232395648956299,,,,,,
,352,,0.35075247287750244,,,,,,
,353,,0.31282758712768555,,,,,,
,354,,0.32539689540863037,,,,,,
,355,,0.30878710746765137,,,,,,
,356,,0.3073798418045044,,,,,,
,357,,0.3116023540496826,,,,,,
,358,,0.3303943872451782,,,,,,
,359,,0.32830095291137695,,,,,,
,360,,0.3576642870903015,,,,,,
,361,,0.3229268789291382,,,,,,
,362,,0.31888675689697266,,,,,,
,363,,0.3151717782020569,,,,,,
,364,,0.31496965885162354,,,,,,
,365,,0.3231097459793091,,,,,,
,366,,0.34007805585861206,,,,,,
,367,,0.33171212673187256,,,,,,
,368,,0.33329737186431885,,,,,,
,369,,0.3299102783203125,,,,,,
,370,,0.33511197566986084,,,,,,
,371,,0.3270491361618042,,,,,,
,372,,0.3061090111732483,,,,,,
,373,,0.3178342580795288,,,,,,
,374,,0.3608158230781555,,,,,,
,375,,0.3203691244125366,,,,,,
,376,,0.3312067985534668,,,,,,
,377,,0.3399384617805481,,,,,,
,378,,0.32470703125,,,,,,
,379,,0.32884955406188965,,,,,,
,380,,0.31340497732162476,,,,,,
,381,,0.32623642683029175,,,,,,
,382,,0.3199748992919922,,,,,,
,383,,0.3324671983718872,,,,,,
,384,,0.3497762680053711,,,,,,
,385,,0.33899712562561035,,,,,,
,386,,0.32408469915390015,,,,,,
,387,,0.32564520835876465,,,,,,
,388,,0.33786821365356445,,,,,,
,389,,0.3174988031387329,,,,,,
,390,,0.32383739948272705,,,,,,
4,3060,0.3248176574707031,,,,0.5862681269645691,0.0,,
